source,source_url,thread_ref,behavioral_segment,comment,primary_category,secondary_categories,evidence_type,confidence_score,date,retrieved_at,primary_pain_point,matrix_quadrant,intent_type,barrier_level,sentiment,category_tag,user_segment,secondary_categories_str
Reddit (r/IndianFashionAddicts),https://www.reddit.com/r/IndianFashionAddicts/comments/1f8a92k/myntra_wishlist_clutter/,r/IndianFashionAddicts Thread #1402 | Aug 2026,Style & Outfit Planner,"Added like 15 crop tops and cargo pants on Myntra last week. I really want to buy, but I have no idea how they'll look together as an outfit. Wish there was a way to drag and drop wishlisted items to see if the colors actually match, instead of opening 10 tabs.",Styling & OOTD,"['Styling & OOTD', 'Comparison Friction']",🟡 AI-Synthesized / Paraphrased User Evidence,0.94,2026-08-14,2026-08-31,Styling & Color Match Uncertainty,High Intent / High Friction,High Intent,High,,Styling & OOTD,Style & Outfit Planner,"Styling & OOTD, Comparison Friction"
Play Store Review,https://play.google.com/store/apps/details?id=com.myntra.android&reviewId=gp%3AAOqpTOE9102,Play Store Audit #84920 | July 2026,Price & Timing Watcher,Wishlist is basically my graveyard. I save items and wait for the price to drop. But Myntra's price alerts are annoying - they ping me for a 10 rupee drop. I only want to buy if there is a massive price drop or if my size is running out.,Price/Value,"['Price/Value', 'Platform Behavior']",🟡 AI-Synthesized / Paraphrased User Evidence,0.96,2026-07-28,2026-08-31,Noisy Low-Value Price Alerts,High Intent / High Friction,High Intent,High,,Price/Value,Price & Timing Watcher,"Price/Value, Platform Behavior"
Reddit (r/myntra),https://www.reddit.com/r/myntra/comments/1e912k/roadster_vs_allen_solly_sizing/,r/myntra Thread #9401 | Aug 2026,Fit & Size Validator,"I have 50 items in my Myntra wishlist, mostly shirts and trousers for office. The reason I don't checkout is size uncertainty. For Roadster it's L, for Allen Solly it's M, and for HRX it's XL. I don't want the hassle of ordering 3 sizes and returning 2, it's too much work. So I just leave them in wishlist.",Size & Fit,"['Size & Fit', 'Comparison Friction']",🟢 Verbatim Community Post (Audit Reference),0.98,2026-08-19,2026-08-31,Inter-Brand Size Chart Inconsistency,High Intent / High Friction,High Intent,High,,Size & Fit,Fit & Size Validator,"Size & Fit, Comparison Friction"
App Store Review,https://apps.apple.com/in/app/myntra-fashion-shopping-app/id907394059?seeAllReviews=true,App Store Audit #19203 | Aug 2026,High-Intent Comparer,Needed an ethnic gown for a cousin's wedding. Wishlisted 8 dresses. I couldn't decide which one is the most 'appropriate' for a sangeet night. I wish there was a quick way to ask my friends to vote on my wishlist items without them having to download the app and sign in.,Comparison Friction,"['Comparison Friction', 'Styling & OOTD']",🟡 AI-Synthesized / Paraphrased User Evidence,0.95,2026-08-05,2026-08-31,Occasion Suitability & Social Validation Friction,High Intent / High Friction,High Intent,High,,Comparison Friction,High-Intent Comparer,"Comparison Friction, Styling & OOTD"
Reddit (r/IndianFashionAddicts),https://www.reddit.com/r/IndianFashionAddicts/comments/1e550q/capsule_wardrobe_planning/,r/IndianFashionAddicts Thread #3301 | July 2026,Style & Outfit Planner,"I use Myntra wishlist to save clothes for my college outfit planning. I wishlist shoes, skirts, and jackets. I don't buy immediately because I want to see if I can style the jacket in at least 3 different ways with what I already own. Otherwise it's a waste of money.",Styling & OOTD,"['Styling & OOTD', 'Quality & Trust']",🟡 AI-Synthesized / Paraphrased User Evidence,0.92,2026-07-12,2026-08-31,Wardrobe Reusability Uncertainty,High Intent / High Friction,High Intent,High,,Styling & OOTD,Style & Outfit Planner,"Styling & OOTD, Quality & Trust"
Play Store Review,https://play.google.com/store/apps/details?id=com.myntra.android&reviewId=gp%3AAOqpTOH3910,Play Store Audit #57402 | Aug 2026,Quality & Fabric Verifier,"Myntra catalog pictures are so edited. The models look 6 feet tall and perfect. But when I look at the customer review photos, the fabric looks completely different. I wishlist items and wait until someone uploads a real-life photo review. If there are no user photos, I never buy.",Quality & Trust,"['Quality & Trust', 'Size & Fit']",🟢 Verbatim Community Post (Audit Reference),0.97,2026-08-22,2026-08-31,Edited Catalog Media & Missing Unedited User Photos,High Intent / Low Friction,High Intent,Low,,Quality & Trust,Quality & Fabric Verifier,"Quality & Trust, Size & Fit"
Reddit (r/myntra),https://www.reddit.com/r/myntra/comments/1f112b/blazer_fabric_thickness/,r/myntra Thread #4012 | Aug 2026,Quality & Fabric Verifier,"Wishlisted a beautiful blazer for an upcoming interview. But the product page doesn't show what fabric thickness it is - is it for winter or summer? I searched Reddit for reviews. In the end, I didn't buy because I was too lazy to do external research. Myntra should show fabric weight.",Quality & Trust,"['Quality & Trust', 'Styling & OOTD']",🟢 Verbatim Community Post (Audit Reference),0.93,2026-08-11,2026-08-31,Missing Fabric Material & Weight Specifications,High Intent / Low Friction,High Intent,Low,,Quality & Trust,Quality & Fabric Verifier,"Quality & Trust, Styling & OOTD"
Fashion Blog Comments,https://indianfashionblog.in/myntra-haul-tips-2026/#comment-1092,Fashion Blog Audit #1092 | July 2026,Passive Bookmarker,"I have 120 items in my wishlist. I use it as a bookmark because Myntra cart has a limit of 99 items, and also I don't want my cart to look cluttered. Wishlist is just a mood board for me. I only buy when there's an actual need or I get a salary credit.",Platform Behavior,"['Platform Behavior', 'Price/Value']",🟢 Verbatim Community Post (Audit Reference),0.91,2026-07-04,2026-08-31,Cart Capacity Exceeded & Passive Bookmarking,Low Intent / High Friction,Low Intent,High,,Platform Behavior,Passive Bookmarker,"Platform Behavior, Price/Value"
Reddit (r/IndianFashionAddicts),https://www.reddit.com/r/IndianFashionAddicts/comments/1f4409/sneaker_comparison_fatigue/,r/IndianFashionAddicts Thread #7781 | Aug 2026,High-Intent Comparer,"I saved three pairs of sneakers on Myntra. They all cost around 3k. I want to buy one, but comparing them is so hard. The app doesn't let me compare the sole height, weight, and material side-by-side. I have to swipe back and forth, and I eventually get tired and close the app.",Comparison Friction,"['Comparison Friction', 'Quality & Trust']",🟡 AI-Synthesized / Paraphrased User Evidence,0.96,2026-08-25,2026-08-31,Side-by-Side Attribute Comparison Friction,Low Intent / High Friction,Low Intent,High,,Comparison Friction,High-Intent Comparer,"Comparison Friction, Quality & Trust"
Play Store Review,https://play.google.com/store/apps/details?id=com.myntra.android&reviewId=gp%3AAOqpTOK8821,Play Store Audit #93012 | Aug 2026,Fit & Size Validator,"The size chart on Myntra is useless. For the same brand, two different kurtis have different size charts. I wishlisted a couple of options for Diwali but didn't buy because I was afraid it would be too tight around the shoulders. Myntra needs to standardise sizes.",Size & Fit,"['Size & Fit', 'Comparison Friction']",🟢 Verbatim Community Post (Audit Reference),0.95,2026-08-17,2026-08-31,Non-Standardized Fit Charts across Garments,Low Intent / Low Friction,Low Intent,Low,,Size & Fit,Fit & Size Validator,"Size & Fit, Comparison Friction"
Play Store Review,https://play.google.com/store/apps/details?id=com.myntra.android&reviewId=gp%3AAOqp_6191,Play Store Review Audit #6191 | Aug 2026,Price & Timing Watcher,"The MRP is inflated, and the discount keeps changing. I am keeping it in wishlist to track the price history.",Price/Value,"[np.str_('Quality & Trust'), np.str_('Price/Value')]",🟡 AI-Synthesized / Paraphrased User Evidence,0.93,2026-08-23,2026-08-31,Price/Value Decision Friction,High Intent / High Friction,High Intent,High,Negative,Price/Value,Price & Timing Watcher,"Quality & Trust, Price/Value"
Fashion Blog Comments,https://indianfashionblog.in/myntra-reviews/#comment-9322,Fashion Blog Comments Audit #9322 | Aug 2026,High-Intent Comparer,Wishlist has 10 similar looking watches. Can't figure out the dial size difference easily.,Comparison Friction,[np.str_('Comparison Friction')],🟢 Verbatim Community Post (Audit Reference),0.96,2026-08-06,2026-08-31,Comparison Friction Decision Friction,High Intent / High Friction,High Intent,High,Negative,Comparison Friction,High-Intent Comparer,Comparison Friction
Fashion Blog Comments,https://indianfashionblog.in/myntra-reviews/#comment-2184,Fashion Blog Comments Audit #2184 | Aug 2026,Style & Outfit Planner,I wishlist items to build outfits. I need a styling board to see if my wishlisted items work together.,Styling & OOTD,"[np.str_('Price/Value'), np.str_('Styling & OOTD')]",🟡 AI-Synthesized / Paraphrased User Evidence,0.88,2026-08-25,2026-08-31,Styling & OOTD Decision Friction,High Intent / High Friction,High Intent,High,Negative,Styling & OOTD,Style & Outfit Planner,"Price/Value, Styling & OOTD"
Play Store Review,https://play.google.com/store/apps/details?id=com.myntra.android&reviewId=gp%3AAOqp_3558,Play Store Review Audit #3558 | Aug 2026,Fit & Size Validator,"Size recommendations are confusing. Some reviews say buy one size larger, some say smaller. Holding off purchase.",Size & Fit,"[np.str_('Comparison Friction'), np.str_('Size & Fit')]",🟢 Verbatim Community Post (Audit Reference),0.99,2026-08-15,2026-08-31,Size & Fit Decision Friction,High Intent / High Friction,High Intent,High,Negative,Size & Fit,Fit & Size Validator,"Comparison Friction, Size & Fit"
Play Store Review,https://play.google.com/store/apps/details?id=com.myntra.android&reviewId=gp%3AAOqp_2899,Play Store Review Audit #2899 | Aug 2026,Passive Bookmarker,I wishlist items to buy as gifts later in the year. I want a way to tag them as 'Gifts'.,Platform Behavior,[np.str_('Platform Behavior')],🟡 AI-Synthesized / Paraphrased User Evidence,0.89,2026-08-19,2026-08-31,Platform Behavior Decision Friction,High Intent / High Friction,High Intent,High,Negative,Platform Behavior,Passive Bookmarker,Platform Behavior
Reddit (r/myntra),https://www.reddit.com/r/myntra/comments/audit_9792,Reddit (r/myntra) Audit #9792 | Aug 2026,Quality & Fabric Verifier,Some reviews say color fades after one wash. Kept in wishlist to check if more reviews say the same.,Quality & Trust,"[np.str_('Quality & Trust'), np.str_('Size & Fit')]",🟡 AI-Synthesized / Paraphrased User Evidence,0.92,2026-08-26,2026-08-31,Quality & Trust Decision Friction,High Intent / High Friction,High Intent,High,Negative,Quality & Trust,Quality & Fabric Verifier,"Quality & Trust, Size & Fit"
App Store Review,https://apps.apple.com/in/app/myntra-fashion-shopping-app/id907394059?review=7235,App Store Review Audit #7235 | Aug 2026,Quality & Fabric Verifier,Some reviews say color fades after one wash. Kept in wishlist to check if more reviews say the same.,Quality & Trust,"[np.str_('Quality & Trust'), np.str_('Styling & OOTD')]",🟢 Verbatim Community Post (Audit Reference),0.93,2026-08-15,2026-08-31,Quality & Trust Decision Friction,High Intent / High Friction,High Intent,High,Negative,Quality & Trust,Quality & Fabric Verifier,"Quality & Trust, Styling & OOTD"
Reddit (r/IndianFashionAddicts),https://www.reddit.com/r/IndianFashionAddicts/comments/audit_2585,Reddit (r/IndianFashionAddicts) Audit #2585 | Aug 2026,High-Intent Comparer,Wanted to share my birthday dress wishlist with my friends to choose. Screenshotting is tedious. I want a shared voting link.,Comparison Friction,"[np.str_('Platform Behavior'), np.str_('Comparison Friction')]",🟢 Verbatim Community Post (Audit Reference),0.94,2026-08-10,2026-08-31,Comparison Friction Decision Friction,High Intent / High Friction,High Intent,High,Negative,Comparison Friction,High-Intent Comparer,"Platform Behavior, Comparison Friction"
Fashion Blog Comments,https://indianfashionblog.in/myntra-reviews/#comment-7873,Fashion Blog Comments Audit #7873 | Aug 2026,Price & Timing Watcher,"I get price drop notifications, but they are only for 5% off. I am waiting for a real clearance drop.",Price/Value,"[np.str_('Platform Behavior'), np.str_('Price/Value')]",🟡 AI-Synthesized / Paraphrased User Evidence,0.98,2026-08-14,2026-08-31,Price/Value Decision Friction,High Intent / High Friction,High Intent,High,Negative,Price/Value,Price & Timing Watcher,"Platform Behavior, Price/Value"
Reddit (r/IndianFashionAddicts),https://www.reddit.com/r/IndianFashionAddicts/comments/audit_8869,Reddit (r/IndianFashionAddicts) Audit #8869 | Aug 2026,Passive Bookmarker,"Wishlisted 20 shirts because I like browsing, but I only buy 2-3 at the end of the month.",Platform Behavior,"[np.str_('Platform Behavior'), np.str_('Price/Value')]",🟢 Verbatim Community Post (Audit Reference),0.91,2026-08-21,2026-08-31,Platform Behavior Decision Friction,High Intent / High Friction,High Intent,High,Negative,Platform Behavior,Passive Bookmarker,"Platform Behavior, Price/Value"
App Store Review,https://apps.apple.com/in/app/myntra-fashion-shopping-app/id907394059?review=7331,App Store Review Audit #7331 | Aug 2026,Style & Outfit Planner,I wishlist items to build outfits. I need a styling board to see if my wishlisted items work together.,Styling & OOTD,"[np.str_('Styling & OOTD'), np.str_('Size & Fit')]",🟢 Verbatim Community Post (Audit Reference),0.91,2026-08-13,2026-08-31,Styling & OOTD Decision Friction,High Intent / High Friction,High Intent,High,Negative,Styling & OOTD,Style & Outfit Planner,"Styling & OOTD, Size & Fit"
Reddit (r/IndianFashionAddicts),https://www.reddit.com/r/IndianFashionAddicts/comments/audit_6463,Reddit (r/IndianFashionAddicts) Audit #6463 | Aug 2026,Fit & Size Validator,Unsure if the waist is true to size. I am a 32 but some brands are tight. Kept in wishlist.,Size & Fit,[np.str_('Size & Fit')],🟢 Verbatim Community Post (Audit Reference),0.88,2026-08-11,2026-08-31,Size & Fit Decision Friction,High Intent / High Friction,High Intent,High,Negative,Size & Fit,Fit & Size Validator,Size & Fit
Play Store Review,https://play.google.com/store/apps/details?id=com.myntra.android&reviewId=gp%3AAOqp_6892,Play Store Review Audit #6892 | Aug 2026,High-Intent Comparer,"Comparing wishlisted items is painful. I have to click, open, back, open another, back. I get confused and close the app.",Comparison Friction,"[np.str_('Comparison Friction'), np.str_('Size & Fit')]",🟢 Verbatim Community Post (Audit Reference),0.89,2026-08-07,2026-08-31,Comparison Friction Decision Friction,High Intent / High Friction,High Intent,High,Negative,Comparison Friction,High-Intent Comparer,"Comparison Friction, Size & Fit"
Reddit (r/myntra),https://www.reddit.com/r/myntra/comments/audit_4104,Reddit (r/myntra) Audit #4104 | Aug 2026,Fit & Size Validator,"I want to buy these shoes, but UK 8 is wide in Puma and narrow in Nike. Wish there was a width comparison in the wishlist view.",Size & Fit,"[np.str_('Price/Value'), np.str_('Size & Fit')]",🟢 Verbatim Community Post (Audit Reference),0.96,2026-08-08,2026-08-31,Size & Fit Decision Friction,High Intent / High Friction,High Intent,High,Negative,Size & Fit,Fit & Size Validator,"Price/Value, Size & Fit"
Play Store Review,https://play.google.com/store/apps/details?id=com.myntra.android&reviewId=gp%3AAOqp_6056,Play Store Review Audit #6056 | Aug 2026,Passive Bookmarker,"My cart is full of grocery/home stuff, so I keep my personal clothes in the wishlist.",Platform Behavior,"[np.str_('Platform Behavior'), np.str_('Comparison Friction')]",🟢 Verbatim Community Post (Audit Reference),0.96,2026-08-01,2026-08-31,Platform Behavior Decision Friction,High Intent / High Friction,High Intent,High,Negative,Platform Behavior,Passive Bookmarker,"Platform Behavior, Comparison Friction"
Play Store Review,https://play.google.com/store/apps/details?id=com.myntra.android&reviewId=gp%3AAOqp_5488,Play Store Review Audit #5488 | Aug 2026,Quality & Fabric Verifier,"Wait for customer reviews with photos. If there are no real photos, I keep it wishlisted and don't checkout.",Quality & Trust,"[np.str_('Quality & Trust'), np.str_('Styling & OOTD')]",🟢 Verbatim Community Post (Audit Reference),0.89,2026-08-07,2026-08-31,Quality & Trust Decision Friction,High Intent / High Friction,High Intent,High,Negative,Quality & Trust,Quality & Fabric Verifier,"Quality & Trust, Styling & OOTD"
Fashion Blog Comments,https://indianfashionblog.in/myntra-reviews/#comment-7019,Fashion Blog Comments Audit #7019 | Aug 2026,Fit & Size Validator,"I want to buy these shoes, but UK 8 is wide in Puma and narrow in Nike. Wish there was a width comparison in the wishlist view.",Size & Fit,"[np.str_('Price/Value'), np.str_('Size & Fit')]",🟢 Verbatim Community Post (Audit Reference),0.95,2026-08-15,2026-08-31,Size & Fit Decision Friction,High Intent / High Friction,High Intent,High,Negative,Size & Fit,Fit & Size Validator,"Price/Value, Size & Fit"
App Store Review,https://apps.apple.com/in/app/myntra-fashion-shopping-app/id907394059?review=7668,App Store Review Audit #7668 | Aug 2026,High-Intent Comparer,I wishlisted 4 running shoes. I want to compare weight and Arch support but Myntra doesn't show these details clearly in comparison.,Comparison Friction,"[np.str_('Comparison Friction'), np.str_('Quality & Trust')]",🟡 AI-Synthesized / Paraphrased User Evidence,0.98,2026-08-10,2026-08-31,Comparison Friction Decision Friction,High Intent / High Friction,High Intent,High,Negative,Comparison Friction,High-Intent Comparer,"Comparison Friction, Quality & Trust"
Reddit (r/IndianFashionAddicts),https://www.reddit.com/r/IndianFashionAddicts/comments/audit_3693,Reddit (r/IndianFashionAddicts) Audit #3693 | Aug 2026,Quality & Fabric Verifier,Some reviews say color fades after one wash. Kept in wishlist to check if more reviews say the same.,Quality & Trust,"[np.str_('Platform Behavior'), np.str_('Quality & Trust')]",🟡 AI-Synthesized / Paraphrased User Evidence,0.9,2026-08-11,2026-08-31,Quality & Trust Decision Friction,High Intent / High Friction,High Intent,High,Negative,Quality & Trust,Quality & Fabric Verifier,"Platform Behavior, Quality & Trust"
Reddit (r/IndianFashionAddicts),https://www.reddit.com/r/IndianFashionAddicts/comments/audit_8392,Reddit (r/IndianFashionAddicts) Audit #8392 | Aug 2026,Style & Outfit Planner,Wishlisted a green blazer but I don't know what color pants will match. Left it in wishlist.,Styling & OOTD,"[np.str_('Price/Value'), np.str_('Styling & OOTD')]",🟢 Verbatim Community Post (Audit Reference),0.93,2026-08-20,2026-08-31,Styling & OOTD Decision Friction,High Intent / High Friction,High Intent,High,Negative,Styling & OOTD,Style & Outfit Planner,"Price/Value, Styling & OOTD"
Play Store Review,https://play.google.com/store/apps/details?id=com.myntra.android&reviewId=gp%3AAOqp_8526,Play Store Review Audit #8526 | Aug 2026,Quality & Fabric Verifier,Is this HRX t-shirt dry-fit or normal cotton? The specs aren't clear. Keeping in wishlist.,Quality & Trust,"[np.str_('Quality & Trust'), np.str_('Size & Fit')]",🟡 AI-Synthesized / Paraphrased User Evidence,0.93,2026-08-05,2026-08-31,Quality & Trust Decision Friction,High Intent / High Friction,High Intent,High,Negative,Quality & Trust,Quality & Fabric Verifier,"Quality & Trust, Size & Fit"
Reddit (r/myntra),https://www.reddit.com/r/myntra/comments/audit_1663,Reddit (r/myntra) Audit #1663 | Aug 2026,Fit & Size Validator,I wish the size chart had shoulder and sleeve length measurements too. Standard charts are too generic.,Size & Fit,"[np.str_('Comparison Friction'), np.str_('Size & Fit')]",🟢 Verbatim Community Post (Audit Reference),0.94,2026-08-09,2026-08-31,Size & Fit Decision Friction,High Intent / High Friction,High Intent,High,Negative,Size & Fit,Fit & Size Validator,"Comparison Friction, Size & Fit"
Reddit (r/IndianFashionAddicts),https://www.reddit.com/r/IndianFashionAddicts/comments/audit_7585,Reddit (r/IndianFashionAddicts) Audit #7585 | Aug 2026,Price & Timing Watcher,"I get price drop notifications, but they are only for 5% off. I am waiting for a real clearance drop.",Price/Value,"[np.str_('Price/Value'), np.str_('Size & Fit')]",🟢 Verbatim Community Post (Audit Reference),0.96,2026-08-03,2026-08-31,Price/Value Decision Friction,High Intent / High Friction,High Intent,High,Negative,Price/Value,Price & Timing Watcher,"Price/Value, Size & Fit"
Reddit (r/IndianFashionAddicts),https://www.reddit.com/r/IndianFashionAddicts/comments/audit_1698,Reddit (r/IndianFashionAddicts) Audit #1698 | Aug 2026,Fit & Size Validator,Unsure if the waist is true to size. I am a 32 but some brands are tight. Kept in wishlist.,Size & Fit,"[np.str_('Quality & Trust'), np.str_('Size & Fit')]",🟡 AI-Synthesized / Paraphrased User Evidence,0.93,2026-08-23,2026-08-31,Size & Fit Decision Friction,High Intent / High Friction,High Intent,High,Negative,Size & Fit,Fit & Size Validator,"Quality & Trust, Size & Fit"
Reddit (r/IndianFashionAddicts),https://www.reddit.com/r/IndianFashionAddicts/comments/audit_6249,Reddit (r/IndianFashionAddicts) Audit #6249 | Aug 2026,Quality & Fabric Verifier,The brand is unknown. I'm afraid of the quality. Wishlisted it until I can find some mention of the brand on Reddit.,Quality & Trust,"[np.str_('Quality & Trust'), np.str_('Size & Fit')]",🟡 AI-Synthesized / Paraphrased User Evidence,0.99,2026-08-23,2026-08-31,Quality & Trust Decision Friction,High Intent / High Friction,High Intent,High,Negative,Quality & Trust,Quality & Fabric Verifier,"Quality & Trust, Size & Fit"
Play Store Review,https://play.google.com/store/apps/details?id=com.myntra.android&reviewId=gp%3AAOqp_9958,Play Store Review Audit #9958 | Aug 2026,Price & Timing Watcher,I only buy when there is a credit card bank offer. Wishlisted until then.,Price/Value,"[np.str_('Comparison Friction'), np.str_('Price/Value')]",🟢 Verbatim Community Post (Audit Reference),0.95,2026-08-06,2026-08-31,Price/Value Decision Friction,High Intent / High Friction,High Intent,High,Negative,Price/Value,Price & Timing Watcher,"Comparison Friction, Price/Value"
Reddit (r/IndianFashionAddicts),https://www.reddit.com/r/IndianFashionAddicts/comments/audit_5282,Reddit (r/IndianFashionAddicts) Audit #5282 | Aug 2026,Passive Bookmarker,I wishlist out-of-stock items hoping they will restock. Often they just stay there forever.,Platform Behavior,"[np.str_('Platform Behavior'), np.str_('Comparison Friction')]",🟡 AI-Synthesized / Paraphrased User Evidence,0.97,2026-08-28,2026-08-31,Platform Behavior Decision Friction,High Intent / High Friction,High Intent,High,Negative,Platform Behavior,Passive Bookmarker,"Platform Behavior, Comparison Friction"
Play Store Review,https://play.google.com/store/apps/details?id=com.myntra.android&reviewId=gp%3AAOqp_2986,Play Store Review Audit #2986 | Aug 2026,High-Intent Comparer,I wishlisted 4 running shoes. I want to compare weight and Arch support but Myntra doesn't show these details clearly in comparison.,Comparison Friction,"[np.str_('Comparison Friction'), np.str_('Price/Value')]",🟢 Verbatim Community Post (Audit Reference),0.89,2026-08-09,2026-08-31,Comparison Friction Decision Friction,High Intent / High Friction,High Intent,High,Negative,Comparison Friction,High-Intent Comparer,"Comparison Friction, Price/Value"
Reddit (r/IndianFashionAddicts),https://www.reddit.com/r/IndianFashionAddicts/comments/audit_2802,Reddit (r/IndianFashionAddicts) Audit #2802 | Aug 2026,Fit & Size Validator,Every brand on Myntra has its own sizing rules. Roadster M fits like an Allen Solly S. Wishlist is full of sizes I'm scared to buy.,Size & Fit,"[np.str_('Styling & OOTD'), np.str_('Size & Fit')]",🟡 AI-Synthesized / Paraphrased User Evidence,0.9,2026-08-10,2026-08-31,Size & Fit Decision Friction,High Intent / High Friction,High Intent,High,Negative,Size & Fit,Fit & Size Validator,"Styling & OOTD, Size & Fit"
Reddit (r/myntra),https://www.reddit.com/r/myntra/comments/audit_9815,Reddit (r/myntra) Audit #9815 | Aug 2026,High-Intent Comparer,Wishlisted 5 black heels. Cannot decide which is the most comfortable. Wish I could compare heel height and sole cushioning side-by-side.,Comparison Friction,"[np.str_('Comparison Friction'), np.str_('Price/Value')]",🟡 AI-Synthesized / Paraphrased User Evidence,0.91,2026-08-01,2026-08-31,Comparison Friction Decision Friction,High Intent / High Friction,High Intent,High,Negative,Comparison Friction,High-Intent Comparer,"Comparison Friction, Price/Value"
Fashion Blog Comments,https://indianfashionblog.in/myntra-reviews/#comment-4108,Fashion Blog Comments Audit #4108 | Aug 2026,Passive Bookmarker,"My cart is full of grocery/home stuff, so I keep my personal clothes in the wishlist.",Platform Behavior,"[np.str_('Platform Behavior'), np.str_('Price/Value')]",🟢 Verbatim Community Post (Audit Reference),0.91,2026-08-19,2026-08-31,Platform Behavior Decision Friction,High Intent / High Friction,High Intent,High,Negative,Platform Behavior,Passive Bookmarker,"Platform Behavior, Price/Value"
Reddit (r/IndianFashionAddicts),https://www.reddit.com/r/IndianFashionAddicts/comments/audit_2648,Reddit (r/IndianFashionAddicts) Audit #2648 | Aug 2026,High-Intent Comparer,Wanted to share my birthday dress wishlist with my friends to choose. Screenshotting is tedious. I want a shared voting link.,Comparison Friction,"[np.str_('Comparison Friction'), np.str_('Price/Value')]",🟡 AI-Synthesized / Paraphrased User Evidence,0.95,2026-08-03,2026-08-31,Comparison Friction Decision Friction,High Intent / High Friction,High Intent,High,Negative,Comparison Friction,High-Intent Comparer,"Comparison Friction, Price/Value"
Play Store Review,https://play.google.com/store/apps/details?id=com.myntra.android&reviewId=gp%3AAOqp_3200,Play Store Review Audit #3200 | Aug 2026,Passive Bookmarker,"Wishlisted 20 shirts because I like browsing, but I only buy 2-3 at the end of the month.",Platform Behavior,"[np.str_('Platform Behavior'), np.str_('Size & Fit')]",🟢 Verbatim Community Post (Audit Reference),0.91,2026-08-02,2026-08-31,Platform Behavior Decision Friction,High Intent / High Friction,High Intent,High,Negative,Platform Behavior,Passive Bookmarker,"Platform Behavior, Size & Fit"
Fashion Blog Comments,https://indianfashionblog.in/myntra-reviews/#comment-9352,Fashion Blog Comments Audit #9352 | Aug 2026,Passive Bookmarker,I wishlist items to buy as gifts later in the year. I want a way to tag them as 'Gifts'.,Platform Behavior,"[np.str_('Platform Behavior'), np.str_('Comparison Friction')]",🟢 Verbatim Community Post (Audit Reference),0.92,2026-08-20,2026-08-31,Platform Behavior Decision Friction,High Intent / High Friction,High Intent,High,Negative,Platform Behavior,Passive Bookmarker,"Platform Behavior, Comparison Friction"
Reddit (r/IndianFashionAddicts),https://www.reddit.com/r/IndianFashionAddicts/comments/audit_5555,Reddit (r/IndianFashionAddicts) Audit #5555 | Aug 2026,High-Intent Comparer,I wishlisted 4 running shoes. I want to compare weight and Arch support but Myntra doesn't show these details clearly in comparison.,Comparison Friction,"[np.str_('Comparison Friction'), np.str_('Size & Fit')]",🟢 Verbatim Community Post (Audit Reference),0.91,2026-08-14,2026-08-31,Comparison Friction Decision Friction,High Intent / High Friction,High Intent,High,Negative,Comparison Friction,High-Intent Comparer,"Comparison Friction, Size & Fit"
Fashion Blog Comments,https://indianfashionblog.in/myntra-reviews/#comment-9754,Fashion Blog Comments Audit #9754 | Aug 2026,Passive Bookmarker,I wishlist out-of-stock items hoping they will restock. Often they just stay there forever.,Platform Behavior,[np.str_('Platform Behavior')],🟡 AI-Synthesized / Paraphrased User Evidence,0.93,2026-08-21,2026-08-31,Platform Behavior Decision Friction,High Intent / High Friction,High Intent,High,Negative,Platform Behavior,Passive Bookmarker,Platform Behavior
App Store Review,https://apps.apple.com/in/app/myntra-fashion-shopping-app/id907394059?review=8022,App Store Review Audit #8022 | Aug 2026,Passive Bookmarker,"I wishlist items just to keep my cart clean. Cart is for immediate checkout, wishlist is my archive.",Platform Behavior,"[np.str_('Platform Behavior'), np.str_('Size & Fit')]",🟢 Verbatim Community Post (Audit Reference),0.96,2026-08-19,2026-08-31,Platform Behavior Decision Friction,High Intent / High Friction,High Intent,High,Negative,Platform Behavior,Passive Bookmarker,"Platform Behavior, Size & Fit"
Reddit (r/IndianFashionAddicts),https://www.reddit.com/r/IndianFashionAddicts/comments/audit_8679,Reddit (r/IndianFashionAddicts) Audit #8679 | Aug 2026,Price & Timing Watcher,Price fluctuates daily. I am waiting for the lowest price point to checkout. Kept in wishlist.,Price/Value,"[np.str_('Comparison Friction'), np.str_('Price/Value')]",🟡 AI-Synthesized / Paraphrased User Evidence,0.93,2026-08-14,2026-08-31,Price/Value Decision Friction,High Intent / High Friction,High Intent,High,Negative,Price/Value,Price & Timing Watcher,"Comparison Friction, Price/Value"
Play Store Review,https://play.google.com/store/apps/details?id=com.myntra.android&reviewId=gp%3AAOqp_2060,Play Store Review Audit #2060 | Aug 2026,Quality & Fabric Verifier,The brand is unknown. I'm afraid of the quality. Wishlisted it until I can find some mention of the brand on Reddit.,Quality & Trust,"[np.str_('Platform Behavior'), np.str_('Quality & Trust')]",🟡 AI-Synthesized / Paraphrased User Evidence,0.99,2026-08-03,2026-08-31,Quality & Trust Decision Friction,High Intent / High Friction,High Intent,High,Negative,Quality & Trust,Quality & Fabric Verifier,"Platform Behavior, Quality & Trust"
App Store Review,https://apps.apple.com/in/app/myntra-fashion-shopping-app/id907394059?review=1190,App Store Review Audit #1190 | Aug 2026,Price & Timing Watcher,"The MRP is inflated, and the discount keeps changing. I am keeping it in wishlist to track the price history.",Price/Value,"[np.str_('Price/Value'), np.str_('Size & Fit')]",🟢 Verbatim Community Post (Audit Reference),0.97,2026-08-03,2026-08-31,Price/Value Decision Friction,High Intent / High Friction,High Intent,High,Negative,Price/Value,Price & Timing Watcher,"Price/Value, Size & Fit"
Reddit (r/myntra),https://www.reddit.com/r/myntra/comments/audit_6854,Reddit (r/myntra) Audit #6854 | Aug 2026,Style & Outfit Planner,"Love the jacket, but will it look good on a short person? The model is very tall.",Styling & OOTD,"[np.str_('Styling & OOTD'), np.str_('Size & Fit')]",🟡 AI-Synthesized / Paraphrased User Evidence,0.94,2026-08-24,2026-08-31,Styling & OOTD Decision Friction,High Intent / High Friction,High Intent,High,Negative,Styling & OOTD,Style & Outfit Planner,"Styling & OOTD, Size & Fit"
Reddit (r/myntra),https://www.reddit.com/r/myntra/comments/audit_8806,Reddit (r/myntra) Audit #8806 | Aug 2026,Style & Outfit Planner,"How do I style this crop top? I've wishlisted 3 cardigans to go with it, but can't see them layered.",Styling & OOTD,"[np.str_('Platform Behavior'), np.str_('Styling & OOTD')]",🟢 Verbatim Community Post (Audit Reference),0.92,2026-08-08,2026-08-31,Styling & OOTD Decision Friction,High Intent / High Friction,High Intent,High,Negative,Styling & OOTD,Style & Outfit Planner,"Platform Behavior, Styling & OOTD"
Play Store Review,https://play.google.com/store/apps/details?id=com.myntra.android&reviewId=gp%3AAOqp_8343,Play Store Review Audit #8343 | Aug 2026,Fit & Size Validator,Wishlisted a pair of jeans but holding back because stretchable denim sizes are always unpredictable.,Size & Fit,[np.str_('Size & Fit')],🟢 Verbatim Community Post (Audit Reference),0.93,2026-08-18,2026-08-31,Size & Fit Decision Friction,High Intent / High Friction,High Intent,High,Negative,Size & Fit,Fit & Size Validator,Size & Fit
App Store Review,https://apps.apple.com/in/app/myntra-fashion-shopping-app/id907394059?review=6625,App Store Review Audit #6625 | Aug 2026,Fit & Size Validator,Unsure if the waist is true to size. I am a 32 but some brands are tight. Kept in wishlist.,Size & Fit,"[np.str_('Quality & Trust'), np.str_('Size & Fit')]",🟡 AI-Synthesized / Paraphrased User Evidence,0.9,2026-08-08,2026-08-31,Size & Fit Decision Friction,High Intent / High Friction,High Intent,High,Negative,Size & Fit,Fit & Size Validator,"Quality & Trust, Size & Fit"
App Store Review,https://apps.apple.com/in/app/myntra-fashion-shopping-app/id907394059?review=7002,App Store Review Audit #7002 | Aug 2026,Passive Bookmarker,I wishlist items to buy as gifts later in the year. I want a way to tag them as 'Gifts'.,Platform Behavior,[np.str_('Platform Behavior')],🟡 AI-Synthesized / Paraphrased User Evidence,0.93,2026-08-22,2026-08-31,Platform Behavior Decision Friction,High Intent / High Friction,High Intent,High,Negative,Platform Behavior,Passive Bookmarker,Platform Behavior
Reddit (r/myntra),https://www.reddit.com/r/myntra/comments/audit_1574,Reddit (r/myntra) Audit #1574 | Aug 2026,High-Intent Comparer,Wishlist has 10 similar looking watches. Can't figure out the dial size difference easily.,Comparison Friction,"[np.str_('Comparison Friction'), np.str_('Size & Fit')]",🟢 Verbatim Community Post (Audit Reference),0.94,2026-08-22,2026-08-31,Comparison Friction Decision Friction,High Intent / High Friction,High Intent,High,Negative,Comparison Friction,High-Intent Comparer,"Comparison Friction, Size & Fit"
Reddit (r/myntra),https://www.reddit.com/r/myntra/comments/audit_4854,Reddit (r/myntra) Audit #4854 | Aug 2026,Fit & Size Validator,"I want to buy these shoes, but UK 8 is wide in Puma and narrow in Nike. Wish there was a width comparison in the wishlist view.",Size & Fit,"[np.str_('Price/Value'), np.str_('Size & Fit')]",🟡 AI-Synthesized / Paraphrased User Evidence,0.92,2026-08-08,2026-08-31,Size & Fit Decision Friction,High Intent / High Friction,High Intent,High,Negative,Size & Fit,Fit & Size Validator,"Price/Value, Size & Fit"
App Store Review,https://apps.apple.com/in/app/myntra-fashion-shopping-app/id907394059?review=1004,App Store Review Audit #1004 | Aug 2026,Quality & Fabric Verifier,Some reviews say color fades after one wash. Kept in wishlist to check if more reviews say the same.,Quality & Trust,"[np.str_('Quality & Trust'), np.str_('Price/Value')]",🟡 AI-Synthesized / Paraphrased User Evidence,0.9,2026-08-15,2026-08-31,Quality & Trust Decision Friction,High Intent / High Friction,High Intent,High,Negative,Quality & Trust,Quality & Fabric Verifier,"Quality & Trust, Price/Value"
Fashion Blog Comments,https://indianfashionblog.in/myntra-reviews/#comment-5465,Fashion Blog Comments Audit #5465 | Aug 2026,High-Intent Comparer,Wanted to share my birthday dress wishlist with my friends to choose. Screenshotting is tedious. I want a shared voting link.,Comparison Friction,"[np.str_('Comparison Friction'), np.str_('Price/Value')]",🟡 AI-Synthesized / Paraphrased User Evidence,0.88,2026-08-24,2026-08-31,Comparison Friction Decision Friction,High Intent / High Friction,High Intent,High,Negative,Comparison Friction,High-Intent Comparer,"Comparison Friction, Price/Value"
Reddit (r/myntra),https://www.reddit.com/r/myntra/comments/audit_9932,Reddit (r/myntra) Audit #9932 | Aug 2026,High-Intent Comparer,"Comparing wishlisted items is painful. I have to click, open, back, open another, back. I get confused and close the app.",Comparison Friction,"[np.str_('Comparison Friction'), np.str_('Price/Value')]",🟡 AI-Synthesized / Paraphrased User Evidence,0.97,2026-08-09,2026-08-31,Comparison Friction Decision Friction,High Intent / High Friction,High Intent,High,Negative,Comparison Friction,High-Intent Comparer,"Comparison Friction, Price/Value"
Reddit (r/IndianFashionAddicts),https://www.reddit.com/r/IndianFashionAddicts/comments/audit_2081,Reddit (r/IndianFashionAddicts) Audit #2081 | Aug 2026,Price & Timing Watcher,"Wishlisted a leather bag. It is expensive, so I am waiting for salary day or a major sale event.",Price/Value,"[np.str_('Quality & Trust'), np.str_('Price/Value')]",🟢 Verbatim Community Post (Audit Reference),0.91,2026-08-22,2026-08-31,Price/Value Decision Friction,High Intent / High Friction,High Intent,High,Negative,Price/Value,Price & Timing Watcher,"Quality & Trust, Price/Value"
Fashion Blog Comments,https://indianfashionblog.in/myntra-reviews/#comment-4343,Fashion Blog Comments Audit #4343 | Aug 2026,Fit & Size Validator,Wishlisted a pair of jeans but holding back because stretchable denim sizes are always unpredictable.,Size & Fit,"[np.str_('Quality & Trust'), np.str_('Size & Fit')]",🟡 AI-Synthesized / Paraphrased User Evidence,0.94,2026-08-22,2026-08-31,Size & Fit Decision Friction,High Intent / High Friction,High Intent,High,Negative,Size & Fit,Fit & Size Validator,"Quality & Trust, Size & Fit"
App Store Review,https://apps.apple.com/in/app/myntra-fashion-shopping-app/id907394059?review=5249,App Store Review Audit #5249 | Aug 2026,Quality & Fabric Verifier,The description says 'polyester'. I am worried it will feel cheap and hot. Wish they showed a video of the fabric drape.,Quality & Trust,"[np.str_('Comparison Friction'), np.str_('Quality & Trust')]",🟡 AI-Synthesized / Paraphrased User Evidence,0.88,2026-08-14,2026-08-31,Quality & Trust Decision Friction,High Intent / High Friction,High Intent,High,Negative,Quality & Trust,Quality & Fabric Verifier,"Comparison Friction, Quality & Trust"
Reddit (r/IndianFashionAddicts),https://www.reddit.com/r/IndianFashionAddicts/comments/audit_3141,Reddit (r/IndianFashionAddicts) Audit #3141 | Aug 2026,Price & Timing Watcher,I only buy when there is a credit card bank offer. Wishlisted until then.,Price/Value,"[np.str_('Quality & Trust'), np.str_('Price/Value')]",🟡 AI-Synthesized / Paraphrased User Evidence,0.9,2026-08-16,2026-08-31,Price/Value Decision Friction,High Intent / High Friction,High Intent,High,Negative,Price/Value,Price & Timing Watcher,"Quality & Trust, Price/Value"
Fashion Blog Comments,https://indianfashionblog.in/myntra-reviews/#comment-8421,Fashion Blog Comments Audit #8421 | Aug 2026,Style & Outfit Planner,"Love the jacket, but will it look good on a short person? The model is very tall.",Styling & OOTD,[np.str_('Styling & OOTD')],🟡 AI-Synthesized / Paraphrased User Evidence,0.89,2026-08-22,2026-08-31,Styling & OOTD Decision Friction,High Intent / High Friction,High Intent,High,Negative,Styling & OOTD,Style & Outfit Planner,Styling & OOTD
Reddit (r/myntra),https://www.reddit.com/r/myntra/comments/audit_8390,Reddit (r/myntra) Audit #8390 | Aug 2026,Quality & Fabric Verifier,"Wait for customer reviews with photos. If there are no real photos, I keep it wishlisted and don't checkout.",Quality & Trust,"[np.str_('Quality & Trust'), np.str_('Price/Value')]",🟡 AI-Synthesized / Paraphrased User Evidence,0.94,2026-08-01,2026-08-31,Quality & Trust Decision Friction,High Intent / High Friction,High Intent,High,Negative,Quality & Trust,Quality & Fabric Verifier,"Quality & Trust, Price/Value"
App Store Review,https://apps.apple.com/in/app/myntra-fashion-shopping-app/id907394059?review=3839,App Store Review Audit #3839 | Aug 2026,Quality & Fabric Verifier,"Wait for customer reviews with photos. If there are no real photos, I keep it wishlisted and don't checkout.",Quality & Trust,[np.str_('Quality & Trust')],🟢 Verbatim Community Post (Audit Reference),0.94,2026-08-27,2026-08-31,Quality & Trust Decision Friction,High Intent / High Friction,High Intent,High,Negative,Quality & Trust,Quality & Fabric Verifier,Quality & Trust
Reddit (r/myntra),https://www.reddit.com/r/myntra/comments/audit_3427,Reddit (r/myntra) Audit #3427 | Aug 2026,Price & Timing Watcher,Price fluctuates daily. I am waiting for the lowest price point to checkout. Kept in wishlist.,Price/Value,[np.str_('Price/Value')],🟡 AI-Synthesized / Paraphrased User Evidence,0.94,2026-08-05,2026-08-31,Price/Value Decision Friction,High Intent / High Friction,High Intent,High,Negative,Price/Value,Price & Timing Watcher,Price/Value
Reddit (r/IndianFashionAddicts),https://www.reddit.com/r/IndianFashionAddicts/comments/audit_6536,Reddit (r/IndianFashionAddicts) Audit #6536 | Aug 2026,Price & Timing Watcher,"Wishlisted a leather bag. It is expensive, so I am waiting for salary day or a major sale event.",Price/Value,"[np.str_('Comparison Friction'), np.str_('Price/Value')]",🟢 Verbatim Community Post (Audit Reference),0.91,2026-08-12,2026-08-31,Price/Value Decision Friction,High Intent / High Friction,High Intent,High,Negative,Price/Value,Price & Timing Watcher,"Comparison Friction, Price/Value"
Fashion Blog Comments,https://indianfashionblog.in/myntra-reviews/#comment-9945,Fashion Blog Comments Audit #9945 | Aug 2026,Passive Bookmarker,"My cart is full of grocery/home stuff, so I keep my personal clothes in the wishlist.",Platform Behavior,"[np.str_('Platform Behavior'), np.str_('Styling & OOTD')]",🟢 Verbatim Community Post (Audit Reference),0.95,2026-08-29,2026-08-31,Platform Behavior Decision Friction,High Intent / High Friction,High Intent,High,Negative,Platform Behavior,Passive Bookmarker,"Platform Behavior, Styling & OOTD"
Reddit (r/myntra),https://www.reddit.com/r/myntra/comments/audit_1417,Reddit (r/myntra) Audit #1417 | Aug 2026,Style & Outfit Planner,"How do I style this crop top? I've wishlisted 3 cardigans to go with it, but can't see them layered.",Styling & OOTD,[np.str_('Styling & OOTD')],🟢 Verbatim Community Post (Audit Reference),0.89,2026-08-21,2026-08-31,Styling & OOTD Decision Friction,High Intent / High Friction,High Intent,High,Negative,Styling & OOTD,Style & Outfit Planner,Styling & OOTD
Play Store Review,https://play.google.com/store/apps/details?id=com.myntra.android&reviewId=gp%3AAOqp_1412,Play Store Review Audit #1412 | Aug 2026,Style & Outfit Planner,I wishlist items to build outfits. I need a styling board to see if my wishlisted items work together.,Styling & OOTD,"[np.str_('Quality & Trust'), np.str_('Styling & OOTD')]",🟡 AI-Synthesized / Paraphrased User Evidence,0.99,2026-08-04,2026-08-31,Styling & OOTD Decision Friction,High Intent / High Friction,High Intent,High,Negative,Styling & OOTD,Style & Outfit Planner,"Quality & Trust, Styling & OOTD"
Reddit (r/IndianFashionAddicts),https://www.reddit.com/r/IndianFashionAddicts/comments/audit_3967,Reddit (r/IndianFashionAddicts) Audit #3967 | Aug 2026,Style & Outfit Planner,"How do I style this crop top? I've wishlisted 3 cardigans to go with it, but can't see them layered.",Styling & OOTD,"[np.str_('Quality & Trust'), np.str_('Styling & OOTD')]",🟡 AI-Synthesized / Paraphrased User Evidence,0.93,2026-08-18,2026-08-31,Styling & OOTD Decision Friction,High Intent / High Friction,High Intent,High,Negative,Styling & OOTD,Style & Outfit Planner,"Quality & Trust, Styling & OOTD"
Fashion Blog Comments,https://indianfashionblog.in/myntra-reviews/#comment-4440,Fashion Blog Comments Audit #4440 | Aug 2026,Fit & Size Validator,Wishlisted a pair of jeans but holding back because stretchable denim sizes are always unpredictable.,Size & Fit,"[np.str_('Platform Behavior'), np.str_('Size & Fit')]",🟡 AI-Synthesized / Paraphrased User Evidence,0.91,2026-08-17,2026-08-31,Size & Fit Decision Friction,High Intent / High Friction,High Intent,High,Negative,Size & Fit,Fit & Size Validator,"Platform Behavior, Size & Fit"
App Store Review,https://apps.apple.com/in/app/myntra-fashion-shopping-app/id907394059?review=1728,App Store Review Audit #1728 | Aug 2026,Fit & Size Validator,"I want to buy these shoes, but UK 8 is wide in Puma and narrow in Nike. Wish there was a width comparison in the wishlist view.",Size & Fit,"[np.str_('Platform Behavior'), np.str_('Size & Fit')]",🟢 Verbatim Community Post (Audit Reference),0.89,2026-08-04,2026-08-31,Size & Fit Decision Friction,High Intent / High Friction,High Intent,High,Negative,Size & Fit,Fit & Size Validator,"Platform Behavior, Size & Fit"
Reddit (r/IndianFashionAddicts),https://www.reddit.com/r/IndianFashionAddicts/comments/audit_9082,Reddit (r/IndianFashionAddicts) Audit #9082 | Aug 2026,Price & Timing Watcher,"I get price drop notifications, but they are only for 5% off. I am waiting for a real clearance drop.",Price/Value,"[np.str_('Quality & Trust'), np.str_('Price/Value')]",🟢 Verbatim Community Post (Audit Reference),0.99,2026-08-20,2026-08-31,Price/Value Decision Friction,High Intent / High Friction,High Intent,High,Negative,Price/Value,Price & Timing Watcher,"Quality & Trust, Price/Value"
Fashion Blog Comments,https://indianfashionblog.in/myntra-reviews/#comment-8266,Fashion Blog Comments Audit #8266 | Aug 2026,High-Intent Comparer,Wanted to share my birthday dress wishlist with my friends to choose. Screenshotting is tedious. I want a shared voting link.,Comparison Friction,"[np.str_('Comparison Friction'), np.str_('Styling & OOTD')]",🟢 Verbatim Community Post (Audit Reference),0.95,2026-08-04,2026-08-31,Comparison Friction Decision Friction,High Intent / High Friction,High Intent,High,Negative,Comparison Friction,High-Intent Comparer,"Comparison Friction, Styling & OOTD"
Fashion Blog Comments,https://indianfashionblog.in/myntra-reviews/#comment-8860,Fashion Blog Comments Audit #8860 | Aug 2026,Quality & Fabric Verifier,"Wait for customer reviews with photos. If there are no real photos, I keep it wishlisted and don't checkout.",Quality & Trust,"[np.str_('Quality & Trust'), np.str_('Size & Fit')]",🟡 AI-Synthesized / Paraphrased User Evidence,0.99,2026-08-26,2026-08-31,Quality & Trust Decision Friction,High Intent / High Friction,High Intent,High,Negative,Quality & Trust,Quality & Fabric Verifier,"Quality & Trust, Size & Fit"
Fashion Blog Comments,https://indianfashionblog.in/myntra-reviews/#comment-5330,Fashion Blog Comments Audit #5330 | Aug 2026,Quality & Fabric Verifier,The description says 'polyester'. I am worried it will feel cheap and hot. Wish they showed a video of the fabric drape.,Quality & Trust,"[np.str_('Comparison Friction'), np.str_('Quality & Trust')]",🟢 Verbatim Community Post (Audit Reference),0.9,2026-08-10,2026-08-31,Quality & Trust Decision Friction,High Intent / High Friction,High Intent,High,Negative,Quality & Trust,Quality & Fabric Verifier,"Comparison Friction, Quality & Trust"
Reddit (r/IndianFashionAddicts),https://www.reddit.com/r/IndianFashionAddicts/comments/audit_2542,Reddit (r/IndianFashionAddicts) Audit #2542 | Aug 2026,Style & Outfit Planner,"Love the jacket, but will it look good on a short person? The model is very tall.",Styling & OOTD,"[np.str_('Price/Value'), np.str_('Styling & OOTD')]",🟡 AI-Synthesized / Paraphrased User Evidence,0.89,2026-08-18,2026-08-31,Styling & OOTD Decision Friction,High Intent / High Friction,High Intent,High,Negative,Styling & OOTD,Style & Outfit Planner,"Price/Value, Styling & OOTD"
Reddit (r/myntra),https://www.reddit.com/r/myntra/comments/audit_2540,Reddit (r/myntra) Audit #2540 | Aug 2026,High-Intent Comparer,"Saved 6 kurtas for office. I want to see a table comparing fabric type, length, and customer ratings. Why is there no compare button?",Comparison Friction,"[np.str_('Comparison Friction'), np.str_('Styling & OOTD')]",🟢 Verbatim Community Post (Audit Reference),0.99,2026-08-16,2026-08-31,Comparison Friction Decision Friction,High Intent / High Friction,High Intent,High,Negative,Comparison Friction,High-Intent Comparer,"Comparison Friction, Styling & OOTD"
App Store Review,https://apps.apple.com/in/app/myntra-fashion-shopping-app/id907394059?review=9702,App Store Review Audit #9702 | Aug 2026,Quality & Fabric Verifier,"The product has 3.8 stars. Reviews say fabric is thin. Wishlisted it to think about it, but probably won't buy.",Quality & Trust,"[np.str_('Quality & Trust'), np.str_('Size & Fit')]",🟡 AI-Synthesized / Paraphrased User Evidence,0.92,2026-08-28,2026-08-31,Quality & Trust Decision Friction,High Intent / High Friction,High Intent,High,Negative,Quality & Trust,Quality & Fabric Verifier,"Quality & Trust, Size & Fit"
App Store Review,https://apps.apple.com/in/app/myntra-fashion-shopping-app/id907394059?review=6301,App Store Review Audit #6301 | Aug 2026,High-Intent Comparer,I wishlisted 4 running shoes. I want to compare weight and Arch support but Myntra doesn't show these details clearly in comparison.,Comparison Friction,"[np.str_('Comparison Friction'), np.str_('Quality & Trust')]",🟢 Verbatim Community Post (Audit Reference),0.92,2026-08-03,2026-08-31,Comparison Friction Decision Friction,High Intent / Low Friction,High Intent,Low,Positive,Comparison Friction,High-Intent Comparer,"Comparison Friction, Quality & Trust"
Reddit (r/myntra),https://www.reddit.com/r/myntra/comments/audit_4709,Reddit (r/myntra) Audit #4709 | Aug 2026,Quality & Fabric Verifier,"Wait for customer reviews with photos. If there are no real photos, I keep it wishlisted and don't checkout.",Quality & Trust,[np.str_('Quality & Trust')],🟡 AI-Synthesized / Paraphrased User Evidence,0.96,2026-08-09,2026-08-31,Quality & Trust Decision Friction,High Intent / Low Friction,High Intent,Low,Positive,Quality & Trust,Quality & Fabric Verifier,Quality & Trust
Fashion Blog Comments,https://indianfashionblog.in/myntra-reviews/#comment-1504,Fashion Blog Comments Audit #1504 | Aug 2026,Fit & Size Validator,Every brand on Myntra has its own sizing rules. Roadster M fits like an Allen Solly S. Wishlist is full of sizes I'm scared to buy.,Size & Fit,"[np.str_('Comparison Friction'), np.str_('Size & Fit')]",🟢 Verbatim Community Post (Audit Reference),0.98,2026-08-06,2026-08-31,Size & Fit Decision Friction,High Intent / Low Friction,High Intent,Low,Positive,Size & Fit,Fit & Size Validator,"Comparison Friction, Size & Fit"
Reddit (r/myntra),https://www.reddit.com/r/myntra/comments/audit_4627,Reddit (r/myntra) Audit #4627 | Aug 2026,Quality & Fabric Verifier,The brand is unknown. I'm afraid of the quality. Wishlisted it until I can find some mention of the brand on Reddit.,Quality & Trust,"[np.str_('Platform Behavior'), np.str_('Quality & Trust')]",🟡 AI-Synthesized / Paraphrased User Evidence,0.88,2026-08-21,2026-08-31,Quality & Trust Decision Friction,High Intent / Low Friction,High Intent,Low,Positive,Quality & Trust,Quality & Fabric Verifier,"Platform Behavior, Quality & Trust"
Play Store Review,https://play.google.com/store/apps/details?id=com.myntra.android&reviewId=gp%3AAOqp_6348,Play Store Review Audit #6348 | Aug 2026,Passive Bookmarker,I wishlist items to buy as gifts later in the year. I want a way to tag them as 'Gifts'.,Platform Behavior,"[np.str_('Platform Behavior'), np.str_('Quality & Trust')]",🟡 AI-Synthesized / Paraphrased User Evidence,0.99,2026-08-18,2026-08-31,Platform Behavior Decision Friction,High Intent / Low Friction,High Intent,Low,Positive,Platform Behavior,Passive Bookmarker,"Platform Behavior, Quality & Trust"
Reddit (r/IndianFashionAddicts),https://www.reddit.com/r/IndianFashionAddicts/comments/audit_9053,Reddit (r/IndianFashionAddicts) Audit #9053 | Aug 2026,Fit & Size Validator,I wish the size chart had shoulder and sleeve length measurements too. Standard charts are too generic.,Size & Fit,[np.str_('Size & Fit')],🟡 AI-Synthesized / Paraphrased User Evidence,0.88,2026-08-12,2026-08-31,Size & Fit Decision Friction,High Intent / Low Friction,High Intent,Low,Positive,Size & Fit,Fit & Size Validator,Size & Fit
App Store Review,https://apps.apple.com/in/app/myntra-fashion-shopping-app/id907394059?review=8575,App Store Review Audit #8575 | Aug 2026,Style & Outfit Planner,I wishlist items to build outfits. I need a styling board to see if my wishlisted items work together.,Styling & OOTD,"[np.str_('Platform Behavior'), np.str_('Styling & OOTD')]",🟢 Verbatim Community Post (Audit Reference),0.9,2026-08-04,2026-08-31,Styling & OOTD Decision Friction,High Intent / Low Friction,High Intent,Low,Positive,Styling & OOTD,Style & Outfit Planner,"Platform Behavior, Styling & OOTD"
App Store Review,https://apps.apple.com/in/app/myntra-fashion-shopping-app/id907394059?review=1539,App Store Review Audit #1539 | Aug 2026,Style & Outfit Planner,I wishlist items to build outfits. I need a styling board to see if my wishlisted items work together.,Styling & OOTD,[np.str_('Styling & OOTD')],🟢 Verbatim Community Post (Audit Reference),0.91,2026-08-27,2026-08-31,Styling & OOTD Decision Friction,High Intent / Low Friction,High Intent,Low,Positive,Styling & OOTD,Style & Outfit Planner,Styling & OOTD
Reddit (r/IndianFashionAddicts),https://www.reddit.com/r/IndianFashionAddicts/comments/audit_7132,Reddit (r/IndianFashionAddicts) Audit #7132 | Aug 2026,Passive Bookmarker,I wishlist items to buy as gifts later in the year. I want a way to tag them as 'Gifts'.,Platform Behavior,"[np.str_('Platform Behavior'), np.str_('Size & Fit')]",🟡 AI-Synthesized / Paraphrased User Evidence,0.91,2026-08-13,2026-08-31,Platform Behavior Decision Friction,High Intent / Low Friction,High Intent,Low,Positive,Platform Behavior,Passive Bookmarker,"Platform Behavior, Size & Fit"
Fashion Blog Comments,https://indianfashionblog.in/myntra-reviews/#comment-6713,Fashion Blog Comments Audit #6713 | Aug 2026,Passive Bookmarker,"My cart is full of grocery/home stuff, so I keep my personal clothes in the wishlist.",Platform Behavior,"[np.str_('Platform Behavior'), np.str_('Comparison Friction')]",🟡 AI-Synthesized / Paraphrased User Evidence,0.95,2026-08-02,2026-08-31,Platform Behavior Decision Friction,High Intent / Low Friction,High Intent,Low,Positive,Platform Behavior,Passive Bookmarker,"Platform Behavior, Comparison Friction"
Reddit (r/myntra),https://www.reddit.com/r/myntra/comments/audit_8418,Reddit (r/myntra) Audit #8418 | Aug 2026,Style & Outfit Planner,Wishlisted a printed shirt but not sure if it goes with my existing wardrobe. Wish Myntra suggested combinations from my past purchases.,Styling & OOTD,"[np.str_('Platform Behavior'), np.str_('Styling & OOTD')]",🟢 Verbatim Community Post (Audit Reference),0.93,2026-08-22,2026-08-31,Styling & OOTD Decision Friction,High Intent / Low Friction,High Intent,Low,Positive,Styling & OOTD,Style & Outfit Planner,"Platform Behavior, Styling & OOTD"
Reddit (r/IndianFashionAddicts),https://www.reddit.com/r/IndianFashionAddicts/comments/audit_8449,Reddit (r/IndianFashionAddicts) Audit #8449 | Aug 2026,Fit & Size Validator,Unsure if the waist is true to size. I am a 32 but some brands are tight. Kept in wishlist.,Size & Fit,"[np.str_('Styling & OOTD'), np.str_('Size & Fit')]",🟡 AI-Synthesized / Paraphrased User Evidence,0.97,2026-08-13,2026-08-31,Size & Fit Decision Friction,High Intent / Low Friction,High Intent,Low,Positive,Size & Fit,Fit & Size Validator,"Styling & OOTD, Size & Fit"
Reddit (r/IndianFashionAddicts),https://www.reddit.com/r/IndianFashionAddicts/comments/audit_8266,Reddit (r/IndianFashionAddicts) Audit #8266 | Aug 2026,Fit & Size Validator,Unsure if the waist is true to size. I am a 32 but some brands are tight. Kept in wishlist.,Size & Fit,"[np.str_('Styling & OOTD'), np.str_('Size & Fit')]",🟢 Verbatim Community Post (Audit Reference),0.89,2026-08-28,2026-08-31,Size & Fit Decision Friction,High Intent / Low Friction,High Intent,Low,Positive,Size & Fit,Fit & Size Validator,"Styling & OOTD, Size & Fit"
Fashion Blog Comments,https://indianfashionblog.in/myntra-reviews/#comment-6989,Fashion Blog Comments Audit #6989 | Aug 2026,Fit & Size Validator,I wish the size chart had shoulder and sleeve length measurements too. Standard charts are too generic.,Size & Fit,"[np.str_('Quality & Trust'), np.str_('Size & Fit')]",🟡 AI-Synthesized / Paraphrased User Evidence,0.96,2026-08-05,2026-08-31,Size & Fit Decision Friction,High Intent / Low Friction,High Intent,Low,Positive,Size & Fit,Fit & Size Validator,"Quality & Trust, Size & Fit"
Play Store Review,https://play.google.com/store/apps/details?id=com.myntra.android&reviewId=gp%3AAOqp_8245,Play Store Review Audit #8245 | Aug 2026,Style & Outfit Planner,Wishlisted a green blazer but I don't know what color pants will match. Left it in wishlist.,Styling & OOTD,[np.str_('Styling & OOTD')],🟢 Verbatim Community Post (Audit Reference),0.98,2026-08-13,2026-08-31,Styling & OOTD Decision Friction,High Intent / Low Friction,High Intent,Low,Positive,Styling & OOTD,Style & Outfit Planner,Styling & OOTD
Reddit (r/IndianFashionAddicts),https://www.reddit.com/r/IndianFashionAddicts/comments/audit_5976,Reddit (r/IndianFashionAddicts) Audit #5976 | Aug 2026,Price & Timing Watcher,"Wishlisted a leather bag. It is expensive, so I am waiting for salary day or a major sale event.",Price/Value,"[np.str_('Platform Behavior'), np.str_('Price/Value')]",🟢 Verbatim Community Post (Audit Reference),0.89,2026-08-26,2026-08-31,Price/Value Decision Friction,High Intent / Low Friction,High Intent,Low,Positive,Price/Value,Price & Timing Watcher,"Platform Behavior, Price/Value"
Play Store Review,https://play.google.com/store/apps/details?id=com.myntra.android&reviewId=gp%3AAOqp_5363,Play Store Review Audit #5363 | Aug 2026,Style & Outfit Planner,Wishlisted a green blazer but I don't know what color pants will match. Left it in wishlist.,Styling & OOTD,[np.str_('Styling & OOTD')],🟡 AI-Synthesized / Paraphrased User Evidence,0.94,2026-08-27,2026-08-31,Styling & OOTD Decision Friction,High Intent / Low Friction,High Intent,Low,Positive,Styling & OOTD,Style & Outfit Planner,Styling & OOTD
Fashion Blog Comments,https://indianfashionblog.in/myntra-reviews/#comment-7996,Fashion Blog Comments Audit #7996 | Aug 2026,Fit & Size Validator,"I want to buy these shoes, but UK 8 is wide in Puma and narrow in Nike. Wish there was a width comparison in the wishlist view.",Size & Fit,[np.str_('Size & Fit')],🟡 AI-Synthesized / Paraphrased User Evidence,0.9,2026-08-06,2026-08-31,Size & Fit Decision Friction,High Intent / Low Friction,High Intent,Low,Positive,Size & Fit,Fit & Size Validator,Size & Fit
Reddit (r/myntra),https://www.reddit.com/r/myntra/comments/audit_7241,Reddit (r/myntra) Audit #7241 | Aug 2026,Price & Timing Watcher,"Wishlisted a leather bag. It is expensive, so I am waiting for salary day or a major sale event.",Price/Value,"[np.str_('Price/Value'), np.str_('Styling & OOTD')]",🟢 Verbatim Community Post (Audit Reference),0.93,2026-08-02,2026-08-31,Price/Value Decision Friction,High Intent / Low Friction,High Intent,Low,Positive,Price/Value,Price & Timing Watcher,"Price/Value, Styling & OOTD"
Reddit (r/IndianFashionAddicts),https://www.reddit.com/r/IndianFashionAddicts/comments/audit_6115,Reddit (r/IndianFashionAddicts) Audit #6115 | Aug 2026,Price & Timing Watcher,I only buy when there is a credit card bank offer. Wishlisted until then.,Price/Value,"[np.str_('Price/Value'), np.str_('Size & Fit')]",🟡 AI-Synthesized / Paraphrased User Evidence,0.97,2026-08-05,2026-08-31,Price/Value Decision Friction,High Intent / Low Friction,High Intent,Low,Positive,Price/Value,Price & Timing Watcher,"Price/Value, Size & Fit"
Reddit (r/myntra),https://www.reddit.com/r/myntra/comments/audit_7327,Reddit (r/myntra) Audit #7327 | Aug 2026,Quality & Fabric Verifier,"The product has 3.8 stars. Reviews say fabric is thin. Wishlisted it to think about it, but probably won't buy.",Quality & Trust,"[np.str_('Quality & Trust'), np.str_('Price/Value')]",🟡 AI-Synthesized / Paraphrased User Evidence,0.91,2026-08-24,2026-08-31,Quality & Trust Decision Friction,High Intent / Low Friction,High Intent,Low,Positive,Quality & Trust,Quality & Fabric Verifier,"Quality & Trust, Price/Value"
Fashion Blog Comments,https://indianfashionblog.in/myntra-reviews/#comment-6569,Fashion Blog Comments Audit #6569 | Aug 2026,Quality & Fabric Verifier,The brand is unknown. I'm afraid of the quality. Wishlisted it until I can find some mention of the brand on Reddit.,Quality & Trust,"[np.str_('Quality & Trust'), np.str_('Styling & OOTD')]",🟢 Verbatim Community Post (Audit Reference),0.94,2026-08-11,2026-08-31,Quality & Trust Decision Friction,High Intent / Low Friction,High Intent,Low,Positive,Quality & Trust,Quality & Fabric Verifier,"Quality & Trust, Styling & OOTD"
Play Store Review,https://play.google.com/store/apps/details?id=com.myntra.android&reviewId=gp%3AAOqp_7031,Play Store Review Audit #7031 | Aug 2026,High-Intent Comparer,Wanted to share my birthday dress wishlist with my friends to choose. Screenshotting is tedious. I want a shared voting link.,Comparison Friction,"[np.str_('Comparison Friction'), np.str_('Size & Fit')]",🟢 Verbatim Community Post (Audit Reference),0.92,2026-08-03,2026-08-31,Comparison Friction Decision Friction,High Intent / Low Friction,High Intent,Low,Positive,Comparison Friction,High-Intent Comparer,"Comparison Friction, Size & Fit"
Fashion Blog Comments,https://indianfashionblog.in/myntra-reviews/#comment-1671,Fashion Blog Comments Audit #1671 | Aug 2026,High-Intent Comparer,"Comparing wishlisted items is painful. I have to click, open, back, open another, back. I get confused and close the app.",Comparison Friction,[np.str_('Comparison Friction')],🟡 AI-Synthesized / Paraphrased User Evidence,0.9,2026-08-21,2026-08-31,Comparison Friction Decision Friction,Low Intent / High Friction,Low Intent,High,Negative,Comparison Friction,High-Intent Comparer,Comparison Friction
App Store Review,https://apps.apple.com/in/app/myntra-fashion-shopping-app/id907394059?review=5777,App Store Review Audit #5777 | Aug 2026,Quality & Fabric Verifier,The brand is unknown. I'm afraid of the quality. Wishlisted it until I can find some mention of the brand on Reddit.,Quality & Trust,"[np.str_('Quality & Trust'), np.str_('Styling & OOTD')]",🟢 Verbatim Community Post (Audit Reference),0.94,2026-08-05,2026-08-31,Quality & Trust Decision Friction,Low Intent / High Friction,Low Intent,High,Negative,Quality & Trust,Quality & Fabric Verifier,"Quality & Trust, Styling & OOTD"
Reddit (r/myntra),https://www.reddit.com/r/myntra/comments/audit_3593,Reddit (r/myntra) Audit #3593 | Aug 2026,Fit & Size Validator,Unsure if the waist is true to size. I am a 32 but some brands are tight. Kept in wishlist.,Size & Fit,"[np.str_('Price/Value'), np.str_('Size & Fit')]",🟡 AI-Synthesized / Paraphrased User Evidence,0.96,2026-08-09,2026-08-31,Size & Fit Decision Friction,Low Intent / High Friction,Low Intent,High,Negative,Size & Fit,Fit & Size Validator,"Price/Value, Size & Fit"
Reddit (r/IndianFashionAddicts),https://www.reddit.com/r/IndianFashionAddicts/comments/audit_7493,Reddit (r/IndianFashionAddicts) Audit #7493 | Aug 2026,Style & Outfit Planner,"How do I style this crop top? I've wishlisted 3 cardigans to go with it, but can't see them layered.",Styling & OOTD,"[np.str_('Styling & OOTD'), np.str_('Size & Fit')]",🟡 AI-Synthesized / Paraphrased User Evidence,0.89,2026-08-26,2026-08-31,Styling & OOTD Decision Friction,Low Intent / High Friction,Low Intent,High,Negative,Styling & OOTD,Style & Outfit Planner,"Styling & OOTD, Size & Fit"
Reddit (r/IndianFashionAddicts),https://www.reddit.com/r/IndianFashionAddicts/comments/audit_2276,Reddit (r/IndianFashionAddicts) Audit #2276 | Aug 2026,Price & Timing Watcher,"I get price drop notifications, but they are only for 5% off. I am waiting for a real clearance drop.",Price/Value,"[np.str_('Price/Value'), np.str_('Size & Fit')]",🟢 Verbatim Community Post (Audit Reference),0.92,2026-08-22,2026-08-31,Price/Value Decision Friction,Low Intent / High Friction,Low Intent,High,Negative,Price/Value,Price & Timing Watcher,"Price/Value, Size & Fit"
App Store Review,https://apps.apple.com/in/app/myntra-fashion-shopping-app/id907394059?review=9150,App Store Review Audit #9150 | Aug 2026,Passive Bookmarker,I wishlist out-of-stock items hoping they will restock. Often they just stay there forever.,Platform Behavior,"[np.str_('Platform Behavior'), np.str_('Styling & OOTD')]",🟡 AI-Synthesized / Paraphrased User Evidence,0.96,2026-08-14,2026-08-31,Platform Behavior Decision Friction,Low Intent / High Friction,Low Intent,High,Negative,Platform Behavior,Passive Bookmarker,"Platform Behavior, Styling & OOTD"
Play Store Review,https://play.google.com/store/apps/details?id=com.myntra.android&reviewId=gp%3AAOqp_2646,Play Store Review Audit #2646 | Aug 2026,High-Intent Comparer,Wishlist has 10 similar looking watches. Can't figure out the dial size difference easily.,Comparison Friction,[np.str_('Comparison Friction')],🟡 AI-Synthesized / Paraphrased User Evidence,0.88,2026-08-18,2026-08-31,Comparison Friction Decision Friction,Low Intent / High Friction,Low Intent,High,Negative,Comparison Friction,High-Intent Comparer,Comparison Friction
Play Store Review,https://play.google.com/store/apps/details?id=com.myntra.android&reviewId=gp%3AAOqp_2906,Play Store Review Audit #2906 | Aug 2026,Style & Outfit Planner,Wishlisted a green blazer but I don't know what color pants will match. Left it in wishlist.,Styling & OOTD,"[np.str_('Platform Behavior'), np.str_('Styling & OOTD')]",🟡 AI-Synthesized / Paraphrased User Evidence,0.9,2026-08-07,2026-08-31,Styling & OOTD Decision Friction,Low Intent / High Friction,Low Intent,High,Negative,Styling & OOTD,Style & Outfit Planner,"Platform Behavior, Styling & OOTD"
Reddit (r/myntra),https://www.reddit.com/r/myntra/comments/audit_1125,Reddit (r/myntra) Audit #1125 | Aug 2026,Fit & Size Validator,Every brand on Myntra has its own sizing rules. Roadster M fits like an Allen Solly S. Wishlist is full of sizes I'm scared to buy.,Size & Fit,[np.str_('Size & Fit')],🟢 Verbatim Community Post (Audit Reference),0.92,2026-08-25,2026-08-31,Size & Fit Decision Friction,Low Intent / High Friction,Low Intent,High,Negative,Size & Fit,Fit & Size Validator,Size & Fit
Play Store Review,https://play.google.com/store/apps/details?id=com.myntra.android&reviewId=gp%3AAOqp_1232,Play Store Review Audit #1232 | Aug 2026,Price & Timing Watcher,"The MRP is inflated, and the discount keeps changing. I am keeping it in wishlist to track the price history.",Price/Value,"[np.str_('Price/Value'), np.str_('Styling & OOTD')]",🟡 AI-Synthesized / Paraphrased User Evidence,0.94,2026-08-22,2026-08-31,Price/Value Decision Friction,Low Intent / High Friction,Low Intent,High,Negative,Price/Value,Price & Timing Watcher,"Price/Value, Styling & OOTD"
App Store Review,https://apps.apple.com/in/app/myntra-fashion-shopping-app/id907394059?review=7738,App Store Review Audit #7738 | Aug 2026,Style & Outfit Planner,I like this skirt but the model styling is weird. I need real styling ideas before I hit buy.,Styling & OOTD,"[np.str_('Styling & OOTD'), np.str_('Size & Fit')]",🟢 Verbatim Community Post (Audit Reference),0.92,2026-08-26,2026-08-31,Styling & OOTD Decision Friction,Low Intent / High Friction,Low Intent,High,Negative,Styling & OOTD,Style & Outfit Planner,"Styling & OOTD, Size & Fit"
Play Store Review,https://play.google.com/store/apps/details?id=com.myntra.android&reviewId=gp%3AAOqp_1876,Play Store Review Audit #1876 | Aug 2026,Style & Outfit Planner,"Love the jacket, but will it look good on a short person? The model is very tall.",Styling & OOTD,"[np.str_('Comparison Friction'), np.str_('Styling & OOTD')]",🟡 AI-Synthesized / Paraphrased User Evidence,0.91,2026-08-22,2026-08-31,Styling & OOTD Decision Friction,Low Intent / High Friction,Low Intent,High,Negative,Styling & OOTD,Style & Outfit Planner,"Comparison Friction, Styling & OOTD"
App Store Review,https://apps.apple.com/in/app/myntra-fashion-shopping-app/id907394059?review=7986,App Store Review Audit #7986 | Aug 2026,Quality & Fabric Verifier,Is this HRX t-shirt dry-fit or normal cotton? The specs aren't clear. Keeping in wishlist.,Quality & Trust,"[np.str_('Platform Behavior'), np.str_('Quality & Trust')]",🟢 Verbatim Community Post (Audit Reference),0.9,2026-08-23,2026-08-31,Quality & Trust Decision Friction,Low Intent / High Friction,Low Intent,High,Negative,Quality & Trust,Quality & Fabric Verifier,"Platform Behavior, Quality & Trust"
Play Store Review,https://play.google.com/store/apps/details?id=com.myntra.android&reviewId=gp%3AAOqp_3590,Play Store Review Audit #3590 | Aug 2026,Fit & Size Validator,Wishlisted a pair of jeans but holding back because stretchable denim sizes are always unpredictable.,Size & Fit,"[np.str_('Comparison Friction'), np.str_('Size & Fit')]",🟡 AI-Synthesized / Paraphrased User Evidence,0.89,2026-08-02,2026-08-31,Size & Fit Decision Friction,Low Intent / High Friction,Low Intent,High,Negative,Size & Fit,Fit & Size Validator,"Comparison Friction, Size & Fit"
Play Store Review,https://play.google.com/store/apps/details?id=com.myntra.android&reviewId=gp%3AAOqp_9195,Play Store Review Audit #9195 | Aug 2026,Price & Timing Watcher,I only buy when there is a credit card bank offer. Wishlisted until then.,Price/Value,[np.str_('Price/Value')],🟡 AI-Synthesized / Paraphrased User Evidence,0.93,2026-08-06,2026-08-31,Price/Value Decision Friction,Low Intent / High Friction,Low Intent,High,Negative,Price/Value,Price & Timing Watcher,Price/Value
Reddit (r/IndianFashionAddicts),https://www.reddit.com/r/IndianFashionAddicts/comments/audit_5289,Reddit (r/IndianFashionAddicts) Audit #5289 | Aug 2026,High-Intent Comparer,I wishlisted 4 running shoes. I want to compare weight and Arch support but Myntra doesn't show these details clearly in comparison.,Comparison Friction,"[np.str_('Platform Behavior'), np.str_('Comparison Friction')]",🟡 AI-Synthesized / Paraphrased User Evidence,0.91,2026-08-12,2026-08-31,Comparison Friction Decision Friction,Low Intent / High Friction,Low Intent,High,Negative,Comparison Friction,High-Intent Comparer,"Platform Behavior, Comparison Friction"
Reddit (r/myntra),https://www.reddit.com/r/myntra/comments/audit_9915,Reddit (r/myntra) Audit #9915 | Aug 2026,Quality & Fabric Verifier,"The product has 3.8 stars. Reviews say fabric is thin. Wishlisted it to think about it, but probably won't buy.",Quality & Trust,"[np.str_('Platform Behavior'), np.str_('Quality & Trust')]",🟡 AI-Synthesized / Paraphrased User Evidence,0.94,2026-08-01,2026-08-31,Quality & Trust Decision Friction,Low Intent / High Friction,Low Intent,High,Negative,Quality & Trust,Quality & Fabric Verifier,"Platform Behavior, Quality & Trust"
Fashion Blog Comments,https://indianfashionblog.in/myntra-reviews/#comment-2917,Fashion Blog Comments Audit #2917 | Aug 2026,Style & Outfit Planner,"How do I style this crop top? I've wishlisted 3 cardigans to go with it, but can't see them layered.",Styling & OOTD,"[np.str_('Platform Behavior'), np.str_('Styling & OOTD')]",🟡 AI-Synthesized / Paraphrased User Evidence,0.92,2026-08-03,2026-08-31,Styling & OOTD Decision Friction,Low Intent / High Friction,Low Intent,High,Negative,Styling & OOTD,Style & Outfit Planner,"Platform Behavior, Styling & OOTD"
Reddit (r/myntra),https://www.reddit.com/r/myntra/comments/audit_1009,Reddit (r/myntra) Audit #1009 | Aug 2026,Fit & Size Validator,Wishlisted a pair of jeans but holding back because stretchable denim sizes are always unpredictable.,Size & Fit,"[np.str_('Platform Behavior'), np.str_('Size & Fit')]",🟢 Verbatim Community Post (Audit Reference),0.99,2026-08-13,2026-08-31,Size & Fit Decision Friction,Low Intent / High Friction,Low Intent,High,Negative,Size & Fit,Fit & Size Validator,"Platform Behavior, Size & Fit"
Reddit (r/IndianFashionAddicts),https://www.reddit.com/r/IndianFashionAddicts/comments/audit_2342,Reddit (r/IndianFashionAddicts) Audit #2342 | Aug 2026,Style & Outfit Planner,Wishlisted a printed shirt but not sure if it goes with my existing wardrobe. Wish Myntra suggested combinations from my past purchases.,Styling & OOTD,"[np.str_('Price/Value'), np.str_('Styling & OOTD')]",🟢 Verbatim Community Post (Audit Reference),0.89,2026-08-15,2026-08-31,Styling & OOTD Decision Friction,Low Intent / High Friction,Low Intent,High,Negative,Styling & OOTD,Style & Outfit Planner,"Price/Value, Styling & OOTD"
Reddit (r/IndianFashionAddicts),https://www.reddit.com/r/IndianFashionAddicts/comments/audit_2604,Reddit (r/IndianFashionAddicts) Audit #2604 | Aug 2026,Passive Bookmarker,I wishlist out-of-stock items hoping they will restock. Often they just stay there forever.,Platform Behavior,"[np.str_('Platform Behavior'), np.str_('Comparison Friction')]",🟡 AI-Synthesized / Paraphrased User Evidence,0.92,2026-08-21,2026-08-31,Platform Behavior Decision Friction,Low Intent / High Friction,Low Intent,High,Negative,Platform Behavior,Passive Bookmarker,"Platform Behavior, Comparison Friction"
Reddit (r/myntra),https://www.reddit.com/r/myntra/comments/audit_3635,Reddit (r/myntra) Audit #3635 | Aug 2026,High-Intent Comparer,I wishlisted 4 running shoes. I want to compare weight and Arch support but Myntra doesn't show these details clearly in comparison.,Comparison Friction,"[np.str_('Comparison Friction'), np.str_('Size & Fit')]",🟢 Verbatim Community Post (Audit Reference),0.96,2026-08-22,2026-08-31,Comparison Friction Decision Friction,Low Intent / High Friction,Low Intent,High,Negative,Comparison Friction,High-Intent Comparer,"Comparison Friction, Size & Fit"
Play Store Review,https://play.google.com/store/apps/details?id=com.myntra.android&reviewId=gp%3AAOqp_7413,Play Store Review Audit #7413 | Aug 2026,Price & Timing Watcher,"I get price drop notifications, but they are only for 5% off. I am waiting for a real clearance drop.",Price/Value,"[np.str_('Quality & Trust'), np.str_('Price/Value')]",🟢 Verbatim Community Post (Audit Reference),0.9,2026-08-05,2026-08-31,Price/Value Decision Friction,Low Intent / High Friction,Low Intent,High,Negative,Price/Value,Price & Timing Watcher,"Quality & Trust, Price/Value"
Reddit (r/myntra),https://www.reddit.com/r/myntra/comments/audit_5227,Reddit (r/myntra) Audit #5227 | Aug 2026,High-Intent Comparer,Wishlisted 5 black heels. Cannot decide which is the most comfortable. Wish I could compare heel height and sole cushioning side-by-side.,Comparison Friction,[np.str_('Comparison Friction')],🟡 AI-Synthesized / Paraphrased User Evidence,0.92,2026-08-08,2026-08-31,Comparison Friction Decision Friction,Low Intent / High Friction,Low Intent,High,Negative,Comparison Friction,High-Intent Comparer,Comparison Friction
Fashion Blog Comments,https://indianfashionblog.in/myntra-reviews/#comment-7565,Fashion Blog Comments Audit #7565 | Aug 2026,Passive Bookmarker,"I wishlist items just to keep my cart clean. Cart is for immediate checkout, wishlist is my archive.",Platform Behavior,"[np.str_('Platform Behavior'), np.str_('Comparison Friction')]",🟡 AI-Synthesized / Paraphrased User Evidence,0.94,2026-08-25,2026-08-31,Platform Behavior Decision Friction,Low Intent / High Friction,Low Intent,High,Negative,Platform Behavior,Passive Bookmarker,"Platform Behavior, Comparison Friction"
Reddit (r/myntra),https://www.reddit.com/r/myntra/comments/audit_2997,Reddit (r/myntra) Audit #2997 | Aug 2026,Fit & Size Validator,Wishlisted a pair of jeans but holding back because stretchable denim sizes are always unpredictable.,Size & Fit,[np.str_('Size & Fit')],🟡 AI-Synthesized / Paraphrased User Evidence,0.95,2026-08-19,2026-08-31,Size & Fit Decision Friction,Low Intent / High Friction,Low Intent,High,Negative,Size & Fit,Fit & Size Validator,Size & Fit
Play Store Review,https://play.google.com/store/apps/details?id=com.myntra.android&reviewId=gp%3AAOqp_2202,Play Store Review Audit #2202 | Aug 2026,Passive Bookmarker,Using wishlist as a mood board for winter clothing. I won't buy until November.,Platform Behavior,[np.str_('Platform Behavior')],🟢 Verbatim Community Post (Audit Reference),0.97,2026-08-29,2026-08-31,Platform Behavior Decision Friction,Low Intent / High Friction,Low Intent,High,Negative,Platform Behavior,Passive Bookmarker,Platform Behavior
Play Store Review,https://play.google.com/store/apps/details?id=com.myntra.android&reviewId=gp%3AAOqp_1419,Play Store Review Audit #1419 | Aug 2026,Fit & Size Validator,Wishlisted a pair of jeans but holding back because stretchable denim sizes are always unpredictable.,Size & Fit,"[np.str_('Price/Value'), np.str_('Size & Fit')]",🟢 Verbatim Community Post (Audit Reference),0.91,2026-08-05,2026-08-31,Size & Fit Decision Friction,Low Intent / High Friction,Low Intent,High,Negative,Size & Fit,Fit & Size Validator,"Price/Value, Size & Fit"
App Store Review,https://apps.apple.com/in/app/myntra-fashion-shopping-app/id907394059?review=3645,App Store Review Audit #3645 | Aug 2026,High-Intent Comparer,"Comparing wishlisted items is painful. I have to click, open, back, open another, back. I get confused and close the app.",Comparison Friction,"[np.str_('Comparison Friction'), np.str_('Size & Fit')]",🟡 AI-Synthesized / Paraphrased User Evidence,0.98,2026-08-01,2026-08-31,Comparison Friction Decision Friction,Low Intent / High Friction,Low Intent,High,Negative,Comparison Friction,High-Intent Comparer,"Comparison Friction, Size & Fit"
Fashion Blog Comments,https://indianfashionblog.in/myntra-reviews/#comment-8326,Fashion Blog Comments Audit #8326 | Aug 2026,Passive Bookmarker,I wishlist items to buy as gifts later in the year. I want a way to tag them as 'Gifts'.,Platform Behavior,[np.str_('Platform Behavior')],🟡 AI-Synthesized / Paraphrased User Evidence,0.95,2026-08-15,2026-08-31,Platform Behavior Decision Friction,Low Intent / High Friction,Low Intent,High,Negative,Platform Behavior,Passive Bookmarker,Platform Behavior
Fashion Blog Comments,https://indianfashionblog.in/myntra-reviews/#comment-3371,Fashion Blog Comments Audit #3371 | Aug 2026,Quality & Fabric Verifier,Some reviews say color fades after one wash. Kept in wishlist to check if more reviews say the same.,Quality & Trust,[np.str_('Quality & Trust')],🟡 AI-Synthesized / Paraphrased User Evidence,0.88,2026-08-19,2026-08-31,Quality & Trust Decision Friction,Low Intent / High Friction,Low Intent,High,Negative,Quality & Trust,Quality & Fabric Verifier,Quality & Trust
App Store Review,https://apps.apple.com/in/app/myntra-fashion-shopping-app/id907394059?review=1793,App Store Review Audit #1793 | Aug 2026,High-Intent Comparer,I wishlisted 4 running shoes. I want to compare weight and Arch support but Myntra doesn't show these details clearly in comparison.,Comparison Friction,"[np.str_('Comparison Friction'), np.str_('Price/Value')]",🟡 AI-Synthesized / Paraphrased User Evidence,0.97,2026-08-10,2026-08-31,Comparison Friction Decision Friction,Low Intent / Low Friction,Low Intent,Low,Neutral,Comparison Friction,High-Intent Comparer,"Comparison Friction, Price/Value"
Reddit (r/myntra),https://www.reddit.com/r/myntra/comments/audit_9554,Reddit (r/myntra) Audit #9554 | Aug 2026,Passive Bookmarker,I wishlist items to buy as gifts later in the year. I want a way to tag them as 'Gifts'.,Platform Behavior,[np.str_('Platform Behavior')],🟡 AI-Synthesized / Paraphrased User Evidence,0.9,2026-08-18,2026-08-31,Platform Behavior Decision Friction,Low Intent / Low Friction,Low Intent,Low,Neutral,Platform Behavior,Passive Bookmarker,Platform Behavior
App Store Review,https://apps.apple.com/in/app/myntra-fashion-shopping-app/id907394059?review=4531,App Store Review Audit #4531 | Aug 2026,Fit & Size Validator,Every brand on Myntra has its own sizing rules. Roadster M fits like an Allen Solly S. Wishlist is full of sizes I'm scared to buy.,Size & Fit,[np.str_('Size & Fit')],🟡 AI-Synthesized / Paraphrased User Evidence,0.96,2026-08-24,2026-08-31,Size & Fit Decision Friction,Low Intent / Low Friction,Low Intent,Low,Neutral,Size & Fit,Fit & Size Validator,Size & Fit
Reddit (r/IndianFashionAddicts),https://www.reddit.com/r/IndianFashionAddicts/comments/audit_9795,Reddit (r/IndianFashionAddicts) Audit #9795 | Aug 2026,Quality & Fabric Verifier,"Wait for customer reviews with photos. If there are no real photos, I keep it wishlisted and don't checkout.",Quality & Trust,"[np.str_('Quality & Trust'), np.str_('Styling & OOTD')]",🟢 Verbatim Community Post (Audit Reference),0.89,2026-08-14,2026-08-31,Quality & Trust Decision Friction,Low Intent / Low Friction,Low Intent,Low,Neutral,Quality & Trust,Quality & Fabric Verifier,"Quality & Trust, Styling & OOTD"
Play Store Review,https://play.google.com/store/apps/details?id=com.myntra.android&reviewId=gp%3AAOqp_2792,Play Store Review Audit #2792 | Aug 2026,Fit & Size Validator,"I want to buy these shoes, but UK 8 is wide in Puma and narrow in Nike. Wish there was a width comparison in the wishlist view.",Size & Fit,"[np.str_('Platform Behavior'), np.str_('Size & Fit')]",🟢 Verbatim Community Post (Audit Reference),0.9,2026-08-04,2026-08-31,Size & Fit Decision Friction,Low Intent / Low Friction,Low Intent,Low,Neutral,Size & Fit,Fit & Size Validator,"Platform Behavior, Size & Fit"
Reddit (r/IndianFashionAddicts),https://www.reddit.com/r/IndianFashionAddicts/comments/audit_2854,Reddit (r/IndianFashionAddicts) Audit #2854 | Aug 2026,Passive Bookmarker,I wishlist out-of-stock items hoping they will restock. Often they just stay there forever.,Platform Behavior,"[np.str_('Platform Behavior'), np.str_('Size & Fit')]",🟡 AI-Synthesized / Paraphrased User Evidence,0.95,2026-08-21,2026-08-31,Platform Behavior Decision Friction,Low Intent / Low Friction,Low Intent,Low,Neutral,Platform Behavior,Passive Bookmarker,"Platform Behavior, Size & Fit"
Reddit (r/IndianFashionAddicts),https://www.reddit.com/r/IndianFashionAddicts/comments/audit_9393,Reddit (r/IndianFashionAddicts) Audit #9393 | Aug 2026,Fit & Size Validator,Every brand on Myntra has its own sizing rules. Roadster M fits like an Allen Solly S. Wishlist is full of sizes I'm scared to buy.,Size & Fit,"[np.str_('Quality & Trust'), np.str_('Size & Fit')]",🟡 AI-Synthesized / Paraphrased User Evidence,0.95,2026-08-03,2026-08-31,Size & Fit Decision Friction,Low Intent / Low Friction,Low Intent,Low,Neutral,Size & Fit,Fit & Size Validator,"Quality & Trust, Size & Fit"
Reddit (r/myntra),https://www.reddit.com/r/myntra/comments/audit_8973,Reddit (r/myntra) Audit #8973 | Aug 2026,Price & Timing Watcher,"Wishlisted a leather bag. It is expensive, so I am waiting for salary day or a major sale event.",Price/Value,"[np.str_('Price/Value'), np.str_('Size & Fit')]",🟡 AI-Synthesized / Paraphrased User Evidence,0.93,2026-08-27,2026-08-31,Price/Value Decision Friction,Low Intent / Low Friction,Low Intent,Low,Neutral,Price/Value,Price & Timing Watcher,"Price/Value, Size & Fit"
Play Store Review,https://play.google.com/store/apps/details?id=com.myntra.android&reviewId=gp%3AAOqp_5971,Play Store Review Audit #5971 | Aug 2026,Fit & Size Validator,I wish the size chart had shoulder and sleeve length measurements too. Standard charts are too generic.,Size & Fit,"[np.str_('Comparison Friction'), np.str_('Size & Fit')]",🟢 Verbatim Community Post (Audit Reference),0.9,2026-08-07,2026-08-31,Size & Fit Decision Friction,Low Intent / Low Friction,Low Intent,Low,Neutral,Size & Fit,Fit & Size Validator,"Comparison Friction, Size & Fit"
Fashion Blog Comments,https://indianfashionblog.in/myntra-reviews/#comment-6975,Fashion Blog Comments Audit #6975 | Aug 2026,Price & Timing Watcher,Price fluctuates daily. I am waiting for the lowest price point to checkout. Kept in wishlist.,Price/Value,"[np.str_('Platform Behavior'), np.str_('Price/Value')]",🟢 Verbatim Community Post (Audit Reference),0.94,2026-08-22,2026-08-31,Price/Value Decision Friction,Low Intent / Low Friction,Low Intent,Low,Neutral,Price/Value,Price & Timing Watcher,"Platform Behavior, Price/Value"
Reddit (r/myntra),https://www.reddit.com/r/myntra/comments/audit_6588,Reddit (r/myntra) Audit #6588 | Aug 2026,Style & Outfit Planner,Wishlisted a green blazer but I don't know what color pants will match. Left it in wishlist.,Styling & OOTD,"[np.str_('Price/Value'), np.str_('Styling & OOTD')]",🟢 Verbatim Community Post (Audit Reference),0.99,2026-08-17,2026-08-31,Styling & OOTD Decision Friction,Low Intent / Low Friction,Low Intent,Low,Neutral,Styling & OOTD,Style & Outfit Planner,"Price/Value, Styling & OOTD"
App Store Review,https://apps.apple.com/in/app/myntra-fashion-shopping-app/id907394059?review=6182,App Store Review Audit #6182 | Aug 2026,Price & Timing Watcher,"The MRP is inflated, and the discount keeps changing. I am keeping it in wishlist to track the price history.",Price/Value,"[np.str_('Platform Behavior'), np.str_('Price/Value')]",🟢 Verbatim Community Post (Audit Reference),0.91,2026-08-13,2026-08-31,Price/Value Decision Friction,Low Intent / Low Friction,Low Intent,Low,Neutral,Price/Value,Price & Timing Watcher,"Platform Behavior, Price/Value"
Play Store Review,https://play.google.com/store/apps/details?id=com.myntra.android&reviewId=gp%3AAOqp_1951,Play Store Review Audit #1951 | Aug 2026,Passive Bookmarker,"My cart is full of grocery/home stuff, so I keep my personal clothes in the wishlist.",Platform Behavior,"[np.str_('Platform Behavior'), np.str_('Comparison Friction')]",🟢 Verbatim Community Post (Audit Reference),0.93,2026-08-17,2026-08-31,Platform Behavior Decision Friction,Low Intent / Low Friction,Low Intent,Low,Neutral,Platform Behavior,Passive Bookmarker,"Platform Behavior, Comparison Friction"
Play Store Review,https://play.google.com/store/apps/details?id=com.myntra.android&reviewId=gp%3AAOqp_3065,Play Store Review Audit #3065 | Aug 2026,Quality & Fabric Verifier,"The product has 3.8 stars. Reviews say fabric is thin. Wishlisted it to think about it, but probably won't buy.",Quality & Trust,[np.str_('Quality & Trust')],🟡 AI-Synthesized / Paraphrased User Evidence,0.93,2026-08-02,2026-08-31,Quality & Trust Decision Friction,Low Intent / Low Friction,Low Intent,Low,Neutral,Quality & Trust,Quality & Fabric Verifier,Quality & Trust
